variable,count,mean,std,min,25%,50%,75%,max,original
dummy1,1000.0,0.00013385918941578512,0.009728928082534541,-0.0272440907733226,-0.0065549490136014,3.865366597555209e-05,0.006912690667230751,0.032877503000428,0.0022350921245717
dummy2,1000.0,-0.0005296722849383084,0.011032410216193151,-0.0351057045780027,-0.007662325539418599,-0.00073960248068065,0.00666915845078715,0.031644315193219,0.0154656239541033
x1,1000.0,-0.021027886920581735,3.0674273593300945,-12.614171817906074,-2.1763505789150033,-0.15612365903315834,1.9252434036948225,28.204250757714608,28.204250757714608
x2,1000.0,-0.368283400153288,8.244008683518565,-25.247767949768598,-5.882492984868526,-0.6064386888021716,5.217853353762553,75.05145412174875,75.05145412174875
x3,1000.0,0.096349086411212,1.861408073130992,-5.009896153210242,-1.205385541860056,0.0937737932303388,1.3336509138300734,17.756893328458737,17.756893328458737
